{
    "accuracy": 0.8634703196347032,
    "precision": 0.8866628506010303,
    "recall": 1.0
}
