{
    "accuracy": 0.8611872146118722,
    "precision": 0.8841324200913242,
    "recall": 1.0
}
